{
	"format_version": "1.12.0",
	"minecraft:geometry": [
		{
			"description": {
				"identifier": "geometry.better_furnace",
				"texture_width": 128,
				"texture_height": 128,
				"visible_bounds_width": 3,
				"visible_bounds_height": 2.5,
				"visible_bounds_offset": [0, 0.75, 0]
			},
			"bones": [
				{
					"name": "furnace",
					"pivot": [0, 0, 0]
				},
				{
					"name": "foot",
					"parent": "furnace",
					"pivot": [0, 0, 0],
					"cubes": [
						{
							"origin": [-7, 0, -7],
							"size": [2, 2, 2],
							"uv": {
								"north": {"uv": [23, 1], "uv_size": [3, 3]},
								"east": {"uv": [23, 1], "uv_size": [3, 3]},
								"south": {"uv": [23, 1], "uv_size": [3, 3]},
								"west": {"uv": [23, 1], "uv_size": [3, 3]},
								"up": {"uv": [26, 4], "uv_size": [-3, -3]},
								"down": {"uv": [26, 4], "uv_size": [-3, -3]}
							}
						},
						{
							"origin": [5, 0, -7],
							"size": [2, 2, 2],
							"uv": {
								"north": {"uv": [23, 1], "uv_size": [3, 3]},
								"east": {"uv": [23, 1], "uv_size": [3, 3]},
								"south": {"uv": [23, 1], "uv_size": [3, 3]},
								"west": {"uv": [23, 1], "uv_size": [3, 3]},
								"up": {"uv": [26, 4], "uv_size": [-3, -3]},
								"down": {"uv": [26, 4], "uv_size": [-3, -3]}
							}
						},
						{
							"origin": [5, 0, 5],
							"size": [2, 2, 2],
							"uv": {
								"north": {"uv": [23, 1], "uv_size": [3, 3]},
								"east": {"uv": [23, 1], "uv_size": [3, 3]},
								"south": {"uv": [23, 1], "uv_size": [3, 3]},
								"west": {"uv": [23, 1], "uv_size": [3, 3]},
								"up": {"uv": [26, 4], "uv_size": [-3, -3]},
								"down": {"uv": [26, 4], "uv_size": [-3, -3]}
							}
						},
						{
							"origin": [-7, 0, 5],
							"size": [2, 2, 2],
							"uv": {
								"north": {"uv": [23, 1], "uv_size": [3, 3]},
								"east": {"uv": [23, 1], "uv_size": [3, 3]},
								"south": {"uv": [23, 1], "uv_size": [3, 3]},
								"west": {"uv": [23, 1], "uv_size": [3, 3]},
								"up": {"uv": [26, 4], "uv_size": [-3, -3]},
								"down": {"uv": [26, 4], "uv_size": [-3, -3]}
							}
						}
					]
				},
				{
					"name": "body",
					"parent": "furnace",
					"pivot": [0, 0, 0],
					"cubes": [
						{
							"origin": [-8, 2, -8],
							"size": [16, 1, 16],
							"uv": {
								"north": {"uv": [38, 0], "uv_size": [15, 1]},
								"east": {"uv": [38, 0], "uv_size": [15, 1]},
								"south": {"uv": [38, 0], "uv_size": [15, 1]},
								"west": {"uv": [38, 0], "uv_size": [15, 1]},
								"up": {"uv": [0, 69], "uv_size": [23, 23]},
								"down": {"uv": [1, 47], "uv_size": [21, 21]}
							}
						},
						{
							"origin": [-7, 3, -6],
							"size": [1, 12, 12],
							"uv": {
								"north": {"uv": [23, 92], "uv_size": [1, 23]},
								"east": {"uv": [0, 92], "uv_size": [23, 23]},
								"south": {"uv": [23, 92], "uv_size": [1, 23]},
								"west": {"uv": [0, 92], "uv_size": [23, 23]},
								"up": {"uv": [24, 115], "uv_size": [-1, -23]},
								"down": {"uv": [24, 115], "uv_size": [-1, -23]}
							}
						},
						{
							"origin": [6, 3, -6],
							"size": [1, 12, 12],
							"uv": {
								"north": {"uv": [23, 92], "uv_size": [1, 23]},
								"east": {"uv": [23, 92], "uv_size": [23, 23]},
								"south": {"uv": [23, 92], "uv_size": [1, 23]},
								"west": {"uv": [23, 92], "uv_size": [23, 23]},
								"up": {"uv": [24, 115], "uv_size": [-1, -23]},
								"down": {"uv": [24, 115], "uv_size": [-1, -23]}
							}
						},
						{
							"origin": [-7, 3, -7],
							"size": [14, 12, 1],
							"uv": {
								"north": {"uv": [0, 46], "uv_size": [22, 23]},
								"east": {"uv": [0, 46], "uv_size": [1, 23]},
								"south": {"uv": [0, 46], "uv_size": [22, 23]},
								"west": {"uv": [0, 46], "uv_size": [1, 23]},
								"up": {"uv": [0, 46], "uv_size": [22, 2]},
								"down": {"uv": [0, 46], "uv_size": [22, 2]}
							}
						},
						{
							"origin": [-7, 3, 6],
							"size": [14, 2, 1],
							"uv": {
								"north": {"uv": [104, 42], "uv_size": [24, 3]},
								"east": {"uv": [104, 42], "uv_size": [1, 2]},
								"south": {"uv": [104, 42], "uv_size": [24, 3]},
								"west": {"uv": [104, 42], "uv_size": [1, 2]},
								"up": {"uv": [105, 42], "uv_size": [23, 2]},
								"down": {"uv": [105, 42], "uv_size": [23, 2]}
							}
						},
						{
							"origin": [-7, 13, 6],
							"size": [14, 2, 1],
							"uv": {
								"north": {"uv": [104, 42], "uv_size": [24, 3]},
								"east": {"uv": [104, 42], "uv_size": [1, 2]},
								"south": {"uv": [104, 42], "uv_size": [24, 3]},
								"west": {"uv": [104, 42], "uv_size": [1, 2]},
								"up": {"uv": [105, 42], "uv_size": [23, 2]},
								"down": {"uv": [105, 42], "uv_size": [23, 2]}
							}
						},
						{
							"origin": [4, 5, 6],
							"size": [3, 8, 1],
							"uv": {
								"north": {"uv": [114, 46], "uv_size": [3, 8]},
								"east": {"uv": [115, 47], "uv_size": [2, 16]},
								"south": {"uv": [114, 46], "uv_size": [3, 8]},
								"west": {"uv": [115, 47], "uv_size": [2, 16]},
								"up": {"uv": [114, 42], "uv_size": [6, 2]},
								"down": {"uv": [114, 42], "uv_size": [6, 2]}
							}
						},
						{
							"origin": [-7, 5, 6],
							"size": [3, 8, 1],
							"uv": {
								"north": {"uv": [114, 46], "uv_size": [3, 8]},
								"east": {"uv": [115, 47], "uv_size": [2, 16]},
								"south": {"uv": [114, 46], "uv_size": [3, 8]},
								"west": {"uv": [115, 47], "uv_size": [2, 16]},
								"up": {"uv": [114, 42], "uv_size": [6, 2]},
								"down": {"uv": [114, 42], "uv_size": [6, 2]}
							}
						},
						{
							"origin": [-8, 15, -8],
							"size": [16, 0.5, 16],
							"pivot": [0, 0, 0],
							"rotation": [0, 180, 0],
							"uv": {
								"north": {"uv": [23, 0], "uv_size": [15, 1]},
								"east": {"uv": [23, 0], "uv_size": [15, 1]},
								"south": {"uv": [23, 0], "uv_size": [15, 1]},
								"west": {"uv": [23, 1], "uv_size": [15, -1]},
								"up": {"uv": [0, 0], "uv_size": [22.75, 22.5]},
								"down": {"uv": [0, 46], "uv_size": [23, -23]}
							}
						}
					]
				},
				{
					"name": "door",
					"parent": "furnace",
					"pivot": [0, 0, 0],
					"cubes": [
						{
							"origin": [4, 6, 7],
							"size": [2, 7, 1],
							"uv": {
								"north": {"uv": [98, 8], "uv_size": [4, 14]},
								"east": {"uv": [107, 8], "uv_size": [2, 14]},
								"south": {"uv": [98, 8], "uv_size": [4, 14]},
								"west": {"uv": [107, 8], "uv_size": [2, 14]},
								"up": {"uv": [109, 9], "uv_size": [-2, -1]},
								"down": {"uv": [109, 9], "uv_size": [-2, -1]}
							}
						},
						{
							"origin": [-6, 6, 7],
							"size": [2, 7, 1],
							"uv": {
								"north": {"uv": [104, 8], "uv_size": [4, 14]},
								"east": {"uv": [107, 8], "uv_size": [2, 14]},
								"south": {"uv": [104, 8], "uv_size": [4, 14]},
								"west": {"uv": [107, 8], "uv_size": [2, 14]},
								"up": {"uv": [109, 9], "uv_size": [-2, -1]},
								"down": {"uv": [109, 9], "uv_size": [-2, -1]}
							}
						},
						{
							"origin": [-5, 13, 7],
							"size": [10, 1, 1],
							"uv": {
								"north": {"uv": [97, 33], "uv_size": [31, 3]},
								"east": {"uv": [111, 10], "uv_size": [2, 2]},
								"south": {"uv": [97, 33], "uv_size": [31, 3]},
								"west": {"uv": [111, 10], "uv_size": [2, 2]},
								"up": {"uv": [99, 38], "uv_size": [29, 2]},
								"down": {"uv": [99, 38], "uv_size": [29, 2]}
							}
						},
						{
							"origin": [-5, 3, 7],
							"size": [10, 3, 1],
							"uv": {
								"north": {"uv": [98, 0], "uv_size": [30, 8]},
								"east": {"uv": [108, 8], "uv_size": [1, 3]},
								"south": {"uv": [98, 0], "uv_size": [30, 8]},
								"west": {"uv": [108, 8], "uv_size": [1, 3]},
								"up": {"uv": [109, 10], "uv_size": [-11, -2]},
								"down": {"uv": [109, 10], "uv_size": [-11, -2]}
							}
						},
						{
							"origin": [-4, 14, 7],
							"size": [8, 1, 1],
							"uv": {
								"north": {"uv": [100, 30], "uv_size": [26, 3]},
								"east": {"uv": [111, 10], "uv_size": [2, 2]},
								"south": {"uv": [100, 30], "uv_size": [26, 3]},
								"west": {"uv": [111, 10], "uv_size": [2, 2]},
								"up": {"uv": [128, 38], "uv_size": [-25, -2]},
								"down": {"uv": [128, 38], "uv_size": [-25, -2]}
							}
						},
						{
							"origin": [4.5, 10, 8],
							"size": [1, 1, 0.25],
							"uv": {
								"north": {"uv": [0, 0], "uv_size": [1, 1]},
								"east": {"uv": [100, 51], "uv_size": [1, 6]},
								"south": {"uv": [100, 51], "uv_size": [4, 6]},
								"west": {"uv": [100, 51], "uv_size": [1, 6]},
								"up": {"uv": [104, 52], "uv_size": [-4, -1]},
								"down": {"uv": [104, 52], "uv_size": [-4, -1]}
							}
						},
						{
							"origin": [4.75, 10.25, 8],
							"size": [0.5, 0.5, 0.75],
							"uv": {
								"north": {"uv": [100, 47], "uv_size": [4, 4]},
								"east": {"uv": [100, 47], "uv_size": [4, 4]},
								"south": {"uv": [100, 47], "uv_size": [4, 4]},
								"west": {"uv": [100, 51], "uv_size": [4, 4]},
								"up": {"uv": [104, 51], "uv_size": [-4, -4]},
								"down": {"uv": [104, 51], "uv_size": [-4, -4]}
							}
						},
						{
							"origin": [4.75, 9.75, 8.75],
							"size": [0.5, 1, 0.5],
							"uv": {
								"north": {"uv": [100, 47], "uv_size": [4, 13]},
								"east": {"uv": [100, 47], "uv_size": [4, 13]},
								"south": {"uv": [100, 47], "uv_size": [4, 13]},
								"west": {"uv": [100, 47], "uv_size": [4, 13]},
								"up": {"uv": [104, 51], "uv_size": [-4, -4]},
								"down": {"uv": [104, 51], "uv_size": [-4, -4]}
							}
						},
						{
							"origin": [4.63, 7, 8.62],
							"size": [0.75, 3, 0.75],
							"uv": {
								"north": {"uv": [106, 47], "uv_size": [3, 8]},
								"east": {"uv": [106, 47], "uv_size": [3, 8]},
								"south": {"uv": [106, 47], "uv_size": [3, 8]},
								"west": {"uv": [106, 47], "uv_size": [3, 8]},
								"up": {"uv": [107, 48], "uv_size": [-1, -1]},
								"down": {"uv": [107, 48], "uv_size": [-1, -1]}
							}
						},
						{
							"origin": [4.5, 7.5, 8.5],
							"size": [1, 2, 1],
							"uv": {
								"north": {"uv": [106, 47], "uv_size": [3, 8]},
								"east": {"uv": [106, 47], "uv_size": [3, 8]},
								"south": {"uv": [106, 47], "uv_size": [3, 8]},
								"west": {"uv": [106, 47], "uv_size": [3, 8]},
								"up": {"uv": [107, 48], "uv_size": [-1, -1]},
								"down": {"uv": [107, 48], "uv_size": [-1, -1]}
							}
						}
					]
				},
				{
					"name": "glass",
					"parent": "door",
					"pivot": [0, 0, 0],
					"cubes": [
						{
							"origin": [1, 11, 6.5],
							"size": [1, 1, 1.5],
							"uv": {
								"north": {"uv": [26, 1], "uv_size": [3, 3]},
								"east": {"uv": [26, 1], "uv_size": [3, 3]},
								"south": {"uv": [26, 1], "uv_size": [3, 3]},
								"west": {"uv": [26, 1], "uv_size": [3, 3]},
								"up": {"uv": [29, 4], "uv_size": [-3, -3]},
								"down": {"uv": [29, 4], "uv_size": [-3, -3]}
							}
						},
						{
							"origin": [-3, 8, 6.5],
							"size": [1, 1, 1.5],
							"uv": {
								"north": {"uv": [26, 1], "uv_size": [3, 3]},
								"east": {"uv": [26, 1], "uv_size": [3, 3]},
								"south": {"uv": [26, 1], "uv_size": [3, 3]},
								"west": {"uv": [26, 1], "uv_size": [3, 3]},
								"up": {"uv": [29, 4], "uv_size": [-3, -3]},
								"down": {"uv": [29, 4], "uv_size": [-3, -3]}
							}
						},
						{
							"origin": [-2, 7, 6.5],
							"size": [1, 1, 1.5],
							"uv": {
								"north": {"uv": [26, 1], "uv_size": [3, 3]},
								"east": {"uv": [26, 1], "uv_size": [3, 3]},
								"south": {"uv": [26, 1], "uv_size": [3, 3]},
								"west": {"uv": [26, 1], "uv_size": [3, 3]},
								"up": {"uv": [29, 4], "uv_size": [-3, -3]},
								"down": {"uv": [29, 4], "uv_size": [-3, -3]}
							}
						},
						{
							"origin": [2, 10, 6.5],
							"size": [1, 1, 1.5],
							"uv": {
								"north": {"uv": [26, 1], "uv_size": [3, 3]},
								"east": {"uv": [26, 1], "uv_size": [3, 3]},
								"south": {"uv": [26, 1], "uv_size": [3, 3]},
								"west": {"uv": [26, 1], "uv_size": [3, 3]},
								"up": {"uv": [29, 4], "uv_size": [-3, -3]},
								"down": {"uv": [29, 4], "uv_size": [-3, -3]}
							}
						}
					]
				},
				{
					"name": "wood",
					"parent": "furnace",
					"pivot": [0, 0, 0],
					"cubes": [
						{
							"origin": [-5, 3, -6],
							"size": [10, 3, 3],
							"pivot": [4, 4, -5],
							"rotation": [0, 70, 0],
							"uv": {
								"north": {"uv": [78, 74], "uv_size": [16, 5]},
								"east": {"uv": [117, 79], "uv_size": [6, 6]},
								"south": {"uv": [78, 74], "uv_size": [16, 5]},
								"west": {"uv": [117, 79], "uv_size": [6, 6]},
								"up": {"uv": [94, 79], "uv_size": [-16, -5]},
								"down": {"uv": [94, 79], "uv_size": [-16, -5]}
							}
						},
						{
							"origin": [-13, 6, -4],
							"size": [10, 3, 3],
							"pivot": [-4, 7, -3],
							"rotation": [0, 180, 0],
							"uv": {
								"north": {"uv": [78, 74], "uv_size": [16, 5]},
								"east": {"uv": [117, 79], "uv_size": [6, 6]},
								"south": {"uv": [78, 74], "uv_size": [16, 5]},
								"west": {"uv": [117, 79], "uv_size": [6, 6]},
								"up": {"uv": [94, 79], "uv_size": [-16, -5]},
								"down": {"uv": [94, 79], "uv_size": [-16, -5]}
							}
						},
						{
							"origin": [-12, 6, 3],
							"size": [10, 3, 3],
							"pivot": [-3, 7, 4],
							"rotation": [0, -160, 0],
							"uv": {
								"north": {"uv": [78, 74], "uv_size": [16, 5]},
								"east": {"uv": [117, 79], "uv_size": [6, 6]},
								"south": {"uv": [78, 74], "uv_size": [16, 5]},
								"west": {"uv": [117, 79], "uv_size": [6, 6]},
								"up": {"uv": [94, 79], "uv_size": [-16, -5]},
								"down": {"uv": [94, 79], "uv_size": [-16, -5]}
							}
						},
						{
							"origin": [-11, 3, 2],
							"size": [10, 3, 3],
							"pivot": [-2, 4, 3],
							"rotation": [0, -90, 0],
							"uv": {
								"north": {"uv": [78, 74], "uv_size": [16, 5]},
								"east": {"uv": [117, 79], "uv_size": [6, 6]},
								"south": {"uv": [78, 74], "uv_size": [16, 5]},
								"west": {"uv": [117, 79], "uv_size": [6, 6]},
								"up": {"uv": [94, 79], "uv_size": [-16, -5]},
								"down": {"uv": [94, 79], "uv_size": [-16, -5]}
							}
						}
					]
				},
				{
					"name": "fire",
					"parent": "furnace",
					"pivot": [0, 0, 0],
					"cubes": [
						{
							"origin": [-5, 6, 2],
							"size": [10, 9, 0],
							"uv": {
								"north": {"uv": [112, 112], "uv_size": [16, 16]},
								"east": {"uv": [0, 0], "uv_size": [0.1, 11]},
								"south": {"uv": [28, 72], "uv_size": [16, 16]},
								"west": {"uv": [0, 0], "uv_size": [0.1, 11]},
								"up": {"uv": [10, 0.1], "uv_size": [-10, -0.1]},
								"down": {"uv": [10, 0.1], "uv_size": [-10, -0.1]}
							}
						}
					]
				}
			]
		}
	]
}